species,avg_sepal_length,avg_sepal_width,avg_petal_length,avg_petal_width
virginica,6.587999999999998,2.9739999999999998,5.552,2.026
versicolor,5.936,2.7700000000000005,4.26,1.3259999999999998
setosa,5.005999999999999,3.428000000000001,1.4620000000000002,0.2459999999999999
